{"cameraMode":{"drawMode":0,"name":"Shaded","section":"Shading Mode"},"sceneLighting":true,"audioPlay":false,"sceneViewState":{"showFog":true,"showMaterialUpdate":true,"showSkybox":true,"showFlares":true,"showImageEffects":true,"showParticleSystems":true},"in2DMode":false,"pivot":{"x":-1.4622740745544434,"y":2.299999952316284,"z":-9.812567710876465},"rotation":{"x":0.04014080762863159,"y":-0.044352930039167407,"z":-0.0017658808501437307,"w":-0.9982114434242249},"size":5.939941883087158,"orthographic":false}