{"cameraMode":{"drawMode":0,"name":"Shaded","section":"Shading Mode"},"sceneLighting":true,"audioPlay":false,"sceneViewState":{"showFog":true,"showMaterialUpdate":true,"showSkybox":true,"showFlares":true,"showImageEffects":true,"showParticleSystems":true},"in2DMode":false,"pivot":{"x":-1.2000000476837159,"y":1.149999976158142,"z":-9.866000175476075},"rotation":{"x":0.04014080762863159,"y":-0.044352930039167407,"z":-0.0017658808501437307,"w":-0.9982114434242249},"size":0.5001288652420044,"orthographic":false}