{"cameraMode":{"drawMode":0,"name":"Shaded","section":"Shading Mode"},"sceneLighting":true,"audioPlay":false,"sceneViewState":{"showFog":true,"showMaterialUpdate":true,"showSkybox":true,"showFlares":true,"showImageEffects":true,"showParticleSystems":true},"in2DMode":false,"pivot":{"x":-1.2000000476837159,"y":1.2599999904632569,"z":-9.65999984741211},"rotation":{"x":-0.1863020807504654,"y":-0.5987094640731812,"z":0.1457602083683014,"w":-0.7652449011802673},"size":2.300128698348999,"orthographic":false}