{"cameraMode":{"drawMode":0,"name":"Shaded","section":"Shading Mode"},"sceneLighting":true,"audioPlay":false,"sceneViewState":{"showFog":true,"showMaterialUpdate":true,"showSkybox":true,"showFlares":true,"showImageEffects":true,"showParticleSystems":true},"in2DMode":false,"pivot":{"x":-1.2000000476837159,"y":1.149999976158142,"z":-9.866000175476075},"rotation":{"x":-0.1799744814634323,"y":-0.36696407198905947,"z":0.07261404395103455,"w":-0.9097698330879211},"size":1.7001287937164307,"orthographic":false}